"","'TEST'","V1","NumRecs"
"1","TEST",2,302
"2","TEST",4,317
"3","TEST",9,288
"4","TEST",10,294
"5","TEST",12,320
"6","TEST",13,327
"7","TEST",18,364
"8","TEST",20,354
"9","TEST",24,381
"10","TRAIN",1,347
"11","TRAIN",3,341
"12","TRAIN",5,302
"13","TRAIN",6,325
"14","TRAIN",7,308
"15","TRAIN",8,281
"16","TRAIN",11,316
"17","TRAIN",14,323
"18","TRAIN",15,328
"19","TRAIN",16,366
"20","TRAIN",17,368
"21","TRAIN",19,360
"22","TRAIN",21,408
"23","TRAIN",22,321
"24","TRAIN",23,372
"25","TRAIN",25,409
"26","TRAIN",26,392
"27","TRAIN",27,376
"28","TRAIN",28,382
"29","TRAIN",29,344
"30","TRAIN",30,383
